x,y,z
-2.2e-06,0,0
-2.40939e-06,-7.53549e-08,-7.51089e-07
-2.40939e-06,-7.53549e-08,-7.51089e-07
-2.5151e-06,-7.5062e-08,-1.02022e-06
-2.90708e-06,-1.13431e-08,-1.09626e-06
-3.03268e-06,-2.37895e-08,-1.35341e-06
-3.06673e-06,-1.76424e-08,-1.36172e-06
-3.12622e-06,-6.5804e-08,-1.52692e-06
-3.37656e-06,-1.70319e-08,-1.58263e-06
-3.20848e-06,-1.59804e-07,-1.56253e-06
-3.3842e-06,-1.25124e-07,-1.59304e-06
-3.21648e-06,-2.4605e-07,-1.60741e-06
-3.46329e-06,-1.98998e-07,-1.64826e-06
-3.32638e-06,-8.3883e-07,-1.23491e-06
-3.32638e-06,-8.3883e-07,-1.23491e-06
-3.35371e-06,-8.42496e-07,-1.52565e-06
-3.35371e-06,-8.42496e-07,-1.52565e-06
-3.21323e-06,-7.58629e-07,-1.50761e-06
-3.4552e-06,-7.43641e-07,-1.53847e-06
-3.19736e-06,-8.82018e-07,-1.65512e-06
-3.19736e-06,-8.82018e-07,-1.65512e-06
-3.16001e-06,-8.32731e-07,-1.6287e-06
-3.41739e-06,-8.20106e-07,-1.66831e-06
-3.17998e-06,-7.39235e-07,-1.42872e-06
-3.31245e-06,-7.28738e-07,-1.4415e-06
-3.26237e-06,-8.23767e-07,-1.60167e-06
-3.42139e-06,-8.14183e-07,-1.62292e-06
-3.27418e-06,-8.34022e-07,-1.50969e-06
-3.3078e-06,-8.3213e-07,-1.51334e-06
-3.26496e-06,-7.48048e-07,-1.54025e-06
-3.47789e-06,-7.30956e-07,-1.56374e-06
-3.24887e-06,-4.64351e-07,-1.34254e-06
-3.24887e-06,-4.64351e-07,-1.34254e-06
-3.29872e-06,-4.74135e-07,-1.55425e-06
-3.29872e-06,-4.74135e-07,-1.55425e-06
-3.23893e-06,-5.78418e-07,-1.65607e-06
-3.23893e-06,-5.78418e-07,-1.65607e-06
-3.19625e-06,-5.59012e-07,-1.66205e-06
-3.40453e-06,-5.24896e-07,-1.69413e-06
-3.19788e-06,-4.61573e-07,-1.52414e-06
-3.35747e-06,-4.30272e-07,-1.54314e-06
-3.25507e-06,-4.14001e-07,-1.59162e-06
-3.41153e-06,-3.80321e-07,-1.612e-06
-3.26985e-06,-4.67838e-07,-1.56324e-06
-3.3615e-06,-4.49162e-07,-1.57479e-06
-3.2711e-06,-5.47045e-07,-1.66456e-06
-3.45511e-06,-5.11965e-07,-1.69222e-06
-3.35642e-06,-8.88363e-07,-1.32554e-06
-3.35642e-06,-8.88363e-07,-1.32554e-06
-3.29548e-06,-8.04348e-07,-1.50745e-06
-3.29548e-06,-8.04348e-07,-1.50745e-06
-3.23642e-06,-7.60824e-07,-1.55484e-06
-3.42132e-06,-7.35976e-07,-1.57769e-06
-3.22322e-06,-6.70467e-07,-1.55483e-06
-3.34489e-06,-6.50814e-07,-1.57023e-06
-3.23302e-06,-6.63545e-07,-1.61232e-06
-3.44667e-06,-6.28e-07,-1.64245e-06
-3.20186e-06,-3.93264e-07,-1.41027e-06
-3.20186e-06,-3.93264e-07,-1.41027e-06
-3.24008e-06,-4.2343e-07,-1.57209e-06
-3.39562e-06,-3.87032e-07,-1.59378e-06
-3.23325e-06,-3.9827e-07,-1.57813e-06
-3.4069e-06,-3.54735e-07,-1.60275e-06
-3.27289e-06,-5.74801e-07,-1.58071e-06
-3.34349e-06,-5.60296e-07,-1.5909e-06
-3.26937e-06,-5.89535e-07,-1.6242e-06
-3.45091e-06,-5.51809e-07,-1.65277e-06
-3.25865e-06,-4.15495e-07,-1.39402e-06
-3.25865e-06,-4.15495e-07,-1.39402e-06
-3.28464e-06,-4.15402e-07,-1.56238e-06
-3.32971e-06,-4.02959e-07,-1.56864e-06
-3.28233e-06,-4.508e-07,-1.64231e-06
-3.4557e-06,-4.0345e-07,-1.67067e-06
-3.34086e-06,-5.0674e-07,-1.24779e-06
-3.34086e-06,-5.0674e-07,-1.24779e-06
-3.34451e-06,-7.7575e-07,-1.65786e-06
-3.34451e-06,-7.7575e-07,-1.65786e-06
-3.25816e-06,-6.89339e-07,-1.60238e-06
-3.42509e-06,-6.50736e-07,-1.62914e-06
-3.24114e-06,-5.45503e-07,-1.46984e-06
-3.3086e-06,-5.27183e-07,-1.47884e-06
-3.26805e-06,-4.9935e-07,-1.56458e-06
-3.43429e-06,-4.5126e-07,-1.59112e-06
-3.25009e-06,-4.36818e-07,-1.56026e-06
-3.30089e-06,-4.2052e-07,-1.56843e-06
-3.25621e-06,-4.99248e-07,-1.63846e-06
-3.44015e-06,-4.4133e-07,-1.67241e-06
-3.2505e-06,-4.13769e-07,-1.50558e-06
-3.2505e-06,-4.13769e-07,-1.50558e-06
-3.23701e-06,-4.43095e-07,-1.59119e-06
-3.42518e-06,-3.76062e-07,-1.62507e-06
-3.27497e-06,-5.20989e-07,-1.52561e-06
-3.29545e-06,-5.14138e-07,-1.52913e-06
-3.259e-06,-5.14101e-07,-1.60061e-06
-3.46535e-06,-4.42913e-07,-1.64182e-06
-3.27423e-06,-4.84834e-07,-1.45966e-06
-3.27423e-06,-4.84834e-07,-1.45966e-06
-3.2708e-06,-4.7738e-07,-1.58627e-06
-3.2708e-06,-4.7738e-07,-1.58627e-06
-3.24436e-06,-5.62035e-07,-1.65856e-06
-3.43374e-06,-4.94313e-07,-1.70583e-06
-3.18802e-06,-2.70017e-07,-1.37307e-06
-3.23973e-06,-2.46337e-07,-1.38249e-06
-3.28478e-06,-2.73359e-07,-1.57616e-06
-3.38299e-06,-2.27822e-07,-1.59952e-06
-3.3155e-06,-3.63893e-07,-1.61705e-06
-3.3925e-06,-3.29142e-07,-1.6367e-06
-3.30802e-06,-3.30335e-07,-1.58585e-06
-3.39301e-06,-2.90304e-07,-1.60779e-06
-3.29382e-06,-3.19174e-07,-1.61966e-06
-3.36785e-06,-2.81296e-07,-1.63955e-06
-3.26093e-06,-2.40182e-07,-1.58717e-06
-3.40715e-06,-1.58914e-07,-1.627e-06
-3.23147e-06,-1.84888e-07,-1.58035e-06
-3.3594e-06,-1.08498e-07,-1.61673e-06
-3.22757e-06,-1.40635e-07,-1.59081e-06
-3.38909e-06,-3.8675e-08,-1.63932e-06
-3.2178e-06,-1.27973e-07,-1.5966e-06
-3.37049e-06,-2.76591e-08,-1.64496e-06
-3.21452e-06,-1.33039e-07,-1.61724e-06
-3.35052e-06,-3.81414e-08,-1.66176e-06
-3.23948e-06,-1.56062e-07,-1.58912e-06
-3.37503e-06,-6.13268e-08,-1.63436e-06
-3.21549e-06,-1.2043e-07,-1.59679e-06
-3.37958e-06,4.74621e-10,-1.65478e-06
-3.23294e-06,-1.3585e-07,-1.57915e-06
-3.35238e-06,-4.70453e-08,-1.62283e-06
-3.22986e-06,-1.4847e-07,-1.63197e-06
-3.38996e-06,-2.68017e-08,-1.69615e-06
-3.23284e-06,-1.33512e-07,-1.59555e-06
-3.32411e-06,-6.1672e-08,-1.63288e-06
-3.26094e-06,-1.90752e-07,-1.63469e-06
-3.37275e-06,-1.04376e-07,-1.684e-06
-3.23514e-06,-1.37601e-07,-1.59827e-06
-3.3599e-06,-3.62852e-08,-1.65497e-06
-3.22273e-06,-1.40443e-07,-1.63021e-06
-3.36127e-06,-2.46106e-08,-1.69802e-06
-3.24464e-06,-1.42993e-07,-1.58903e-06
-3.31519e-06,-8.28361e-08,-1.624e-06
-3.23979e-06,-1.28353e-07,-1.64025e-06
-3.35788e-06,-2.3654e-08,-1.70345e-06
-3.20806e-06,-8.26684e-08,-1.62271e-06
-3.33103e-06,3.30112e-08,-1.69131e-06
-3.21461e-06,-4.54317e-08,-1.64413e-06
-3.30617e-06,4.47669e-08,-1.69782e-06
-3.20517e-06,-2.49641e-08,-1.62556e-06
-3.31613e-06,8.85405e-08,-1.69252e-06
-3.21092e-06,1.73803e-08,-1.63144e-06
-3.27585e-06,8.78089e-08,-1.67171e-06
-3.22531e-06,-1.83595e-08,-1.66979e-06
-3.26589e-06,2.66333e-08,-1.69629e-06
-3.21313e-06,-5.83104e-09,-1.66708e-06
-3.27149e-06,6.23801e-08,-1.70626e-06
-3.2026e-06,-3.16916e-09,-1.67804e-06
-3.27188e-06,8.13517e-08,-1.7264e-06
-3.19529e-06,1.28289e-08,-1.67951e-06
-3.22291e-06,4.86997e-08,-1.69915e-06
-3.18822e-06,1.18899e-08,-1.69112e-06
-3.23132e-06,7.03921e-08,-1.7227e-06
-3.19675e-06,-8.26011e-09,-1.71645e-06
-3.19675e-06,-8.26011e-09,-1.71645e-06
-3.15327e-06,-8.14712e-08,-1.68558e-06
-3.15327e-06,-8.14712e-08,-1.68558e-06
-3.15092e-06,-9.82027e-08,-1.71332e-06
-3.15092e-06,-9.82027e-08,-1.71332e-06
-3.14911e-06,-1.10343e-07,-1.73547e-06
-3.14911e-06,-1.10343e-07,-1.73547e-06
-3.13219e-06,-1.27382e-07,-1.73757e-06
-3.13219e-06,-1.27382e-07,-1.73757e-06
-3.12032e-06,-1.33244e-07,-1.73025e-06
-3.12032e-06,-1.33244e-07,-1.73025e-06
-3.11097e-06,-1.50018e-07,-1.73234e-06
-3.11097e-06,-1.50018e-07,-1.73234e-06
-3.0959e-06,-1.76432e-07,-1.72626e-06
-3.0959e-06,-1.76432e-07,-1.72626e-06
-3.00072e-06,-3.33244e-07,-1.66548e-06
-3.00072e-06,-3.33244e-07,-1.66548e-06
-3.01463e-06,-3.32461e-07,-1.70006e-06
-3.01463e-06,-3.32461e-07,-1.70006e-06
-3.01266e-06,-3.76467e-07,-1.72177e-06
-3.01266e-06,-3.76467e-07,-1.72177e-06
-3.01769e-06,-3.83088e-07,-1.73883e-06
-3.01769e-06,-3.83088e-07,-1.73883e-06
-3.01944e-06,-3.94059e-07,-1.75068e-06
-3.01944e-06,-3.94059e-07,-1.75068e-06
-3.02233e-06,-4.01733e-07,-1.76594e-06
-3.02233e-06,-4.01733e-07,-1.76594e-06
-3.01749e-06,-4.03345e-07,-1.75653e-06
-3.01749e-06,-4.03345e-07,-1.75653e-06
-3.01219e-06,-4.24244e-07,-1.75414e-06
-3.01219e-06,-4.24244e-07,-1.75414e-06
-2.99987e-06,-4.77985e-07,-1.7647e-06
-2.99987e-06,-4.77985e-07,-1.7647e-06
-2.98781e-06,-5.09938e-07,-1.75053e-06
-2.98781e-06,-5.09938e-07,-1.75053e-06
-2.993e-06,-5.3003e-07,-1.77572e-06
-2.993e-06,-5.3003e-07,-1.77572e-06
-2.9818e-06,-5.77249e-07,-1.78477e-06
-2.9818e-06,-5.77249e-07,-1.78477e-06
-2.98075e-06,-5.67337e-07,-1.7794e-06
-2.98075e-06,-5.67337e-07,-1.7794e-06
-2.97857e-06,-5.60505e-07,-1.76979e-06
-2.97857e-06,-5.60505e-07,-1.76979e-06
-2.97599e-06,-5.85095e-07,-1.77668e-06
-2.97599e-06,-5.85095e-07,-1.77668e-06
-2.97591e-06,-5.85145e-07,-1.77552e-06
-2.97591e-06,-5.85145e-07,-1.77552e-06
-2.9771e-06,-5.85632e-07,-1.77833e-06
-2.9771e-06,-5.85632e-07,-1.77833e-06
-2.97713e-06,-5.84109e-07,-1.77727e-06
-2.97713e-06,-5.84109e-07,-1.77727e-06
-2.97843e-06,-5.82766e-07,-1.78016e-06
-2.97843e-06,-5.82766e-07,-1.78016e-06
-2.98001e-06,-5.90158e-07,-1.78891e-06
-2.98001e-06,-5.90158e-07,-1.78891e-06
-2.97685e-06,-5.83113e-07,-1.77709e-06
-2.97685e-06,-5.83113e-07,-1.77709e-06
-2.97938e-06,-5.82059e-07,-1.78412e-06
-2.97938e-06,-5.82059e-07,-1.78412e-06
-2.97969e-06,-5.76641e-07,-1.78364e-06
-2.97969e-06,-5.76641e-07,-1.78364e-06
-2.97642e-06,-5.70868e-07,-1.7711e-06
-2.97642e-06,-5.70868e-07,-1.7711e-06
-2.97873e-06,-5.71198e-07,-1.77706e-06
-2.97873e-06,-5.71198e-07,-1.77706e-06
-2.98012e-06,-5.67881e-07,-1.77968e-06
-2.98012e-06,-5.67881e-07,-1.77968e-06
-2.98033e-06,-5.61944e-07,-1.77827e-06
-2.98033e-06,-5.61944e-07,-1.77827e-06
-2.97834e-06,-5.68235e-07,-1.77421e-06
-2.97834e-06,-5.68235e-07,-1.77421e-06
-2.97083e-06,-5.99087e-07,-1.7727e-06
-2.97083e-06,-5.99087e-07,-1.7727e-06
-2.97356e-06,-5.93828e-07,-1.77782e-06
-2.97356e-06,-5.93828e-07,-1.77782e-06
-2.97215e-06,-5.96481e-07,-1.77324e-06
-2.97215e-06,-5.96481e-07,-1.77324e-06
-2.9749e-06,-5.89185e-07,-1.77808e-06
-2.9749e-06,-5.89185e-07,-1.77808e-06
-2.97405e-06,-5.76257e-07,-1.77088e-06
-2.97405e-06,-5.76257e-07,-1.77088e-06
-2.97322e-06,-5.66288e-07,-1.76309e-06
-2.97322e-06,-5.66288e-07,-1.76309e-06
-2.97307e-06,-5.88254e-07,-1.77326e-06
-2.97307e-06,-5.88254e-07,-1.77326e-06
-2.97455e-06,-5.79187e-07,-1.77375e-06
-2.97455e-06,-5.79187e-07,-1.77375e-06
-2.97255e-06,-5.67636e-07,-1.7623e-06
-2.97255e-06,-5.67636e-07,-1.7623e-06
-2.97368e-06,-5.90282e-07,-1.77677e-06
-2.97368e-06,-5.90282e-07,-1.77677e-06
-2.97476e-06,-5.93237e-07,-1.78021e-06
-2.97476e-06,-5.93237e-07,-1.78021e-06
-2.9729e-06,-5.80573e-07,-1.76973e-06
-2.9729e-06,-5.80573e-07,-1.76973e-06
-2.97372e-06,-5.85312e-07,-1.77203e-06
-2.97372e-06,-5.85312e-07,-1.77203e-06
-2.97397e-06,-5.75461e-07,-1.76818e-06
-2.97397e-06,-5.75461e-07,-1.76818e-06
-2.94254e-06,-6.52325e-07,-1.76548e-06
-2.94254e-06,-6.52325e-07,-1.76548e-06
-2.9445e-06,-6.59404e-07,-1.76798e-06
-2.9445e-06,-6.59404e-07,-1.76798e-06
-2.9488e-06,-6.79413e-07,-1.7882e-06
-2.9488e-06,-6.79413e-07,-1.7882e-06
-2.94794e-06,-6.93767e-07,-1.79134e-06
-2.94794e-06,-6.93767e-07,-1.79134e-06
-2.94961e-06,-6.92519e-07,-1.79315e-06
-2.94961e-06,-6.92519e-07,-1.79315e-06
-2.94808e-06,-6.75657e-07,-1.78068e-06
-2.94808e-06,-6.75657e-07,-1.78068e-06
-2.94485e-06,-6.82922e-07,-1.77021e-06
-2.94485e-06,-6.82922e-07,-1.77021e-06
-2.91105e-06,-7.55358e-07,-1.75674e-06
-2.91105e-06,-7.55358e-07,-1.75674e-06
-2.91721e-06,-7.56778e-07,-1.76674e-06
-2.91721e-06,-7.56778e-07,-1.76674e-06
-2.91437e-06,-7.97851e-07,-1.78931e-06
-2.91437e-06,-7.97851e-07,-1.78931e-06
-2.91422e-06,-7.81465e-07,-1.77643e-06
-2.91422e-06,-7.81465e-07,-1.77643e-06
-2.91568e-06,-7.66661e-07,-1.76829e-06
-2.91568e-06,-7.66661e-07,-1.76829e-06
-2.92053e-06,-7.70752e-07,-1.77731e-06
-2.92053e-06,-7.70752e-07,-1.77731e-06
-2.92381e-06,-7.59632e-07,-1.77695e-06
-2.92381e-06,-7.59632e-07,-1.77695e-06
-2.92471e-06,-7.43074e-07,-1.76824e-06
-2.92471e-06,-7.43074e-07,-1.76824e-06
-2.91949e-06,-7.853e-07,-1.7864e-06
-2.91949e-06,-7.853e-07,-1.7864e-06
-2.92189e-06,-7.74259e-07,-1.7841e-06
-2.92189e-06,-7.74259e-07,-1.7841e-06
-2.92289e-06,-7.91608e-07,-1.794e-06
-2.92289e-06,-7.91608e-07,-1.794e-06
-2.92308e-06,-7.74537e-07,-1.78444e-06
-2.92308e-06,-7.74537e-07,-1.78444e-06
-2.92418e-06,-7.58575e-07,-1.77708e-06
-2.92418e-06,-7.58575e-07,-1.77708e-06
-2.92417e-06,-7.41445e-07,-1.76506e-06
-2.92417e-06,-7.41445e-07,-1.76506e-06
-2.92587e-06,-7.25848e-07,-1.75808e-06
-2.92587e-06,-7.25848e-07,-1.75808e-06
-2.93068e-06,-7.2111e-07,-1.76323e-06
-2.93068e-06,-7.2111e-07,-1.76323e-06
-2.93426e-06,-7.09092e-07,-1.76377e-06
-2.93426e-06,-7.09092e-07,-1.76377e-06
-2.93783e-06,-7.0449e-07,-1.76651e-06
-2.93783e-06,-7.0449e-07,-1.76651e-06
-2.94247e-06,-6.9516e-07,-1.77219e-06
-2.94247e-06,-6.9516e-07,-1.77219e-06
-2.94377e-06,-6.90748e-07,-1.76934e-06
-2.94377e-06,-6.90748e-07,-1.76934e-06
-2.94771e-06,-6.94882e-07,-1.77884e-06
-2.94771e-06,-6.94882e-07,-1.77884e-06
-2.94899e-06,-6.82508e-07,-1.77521e-06
-2.94899e-06,-6.82508e-07,-1.77521e-06
-2.95009e-06,-6.68496e-07,-1.77057e-06
-2.95009e-06,-6.68496e-07,-1.77057e-06
-2.95206e-06,-6.52843e-07,-1.76834e-06
-2.95206e-06,-6.52843e-07,-1.76834e-06
-2.95423e-06,-6.48919e-07,-1.76885e-06
-2.95423e-06,-6.48919e-07,-1.76885e-06
-2.95742e-06,-6.41641e-07,-1.77238e-06
-2.95742e-06,-6.41641e-07,-1.77238e-06
-2.95723e-06,-6.28865e-07,-1.76419e-06
-2.95723e-06,-6.28865e-07,-1.76419e-06
-2.95577e-06,-6.1687e-07,-1.75105e-06
-2.95577e-06,-6.1687e-07,-1.75105e-06
-2.95543e-06,-6.54697e-07,-1.77495e-06
-2.95543e-06,-6.54697e-07,-1.77495e-06
-2.95879e-06,-6.4521e-07,-1.77919e-06
-2.95879e-06,-6.4521e-07,-1.77919e-06
-2.96092e-06,-6.43444e-07,-1.78235e-06
-2.96092e-06,-6.43444e-07,-1.78235e-06
-2.95854e-06,-6.38008e-07,-1.77006e-06
-2.95854e-06,-6.38008e-07,-1.77006e-06
-2.95811e-06,-6.23128e-07,-1.76087e-06
-2.95811e-06,-6.23128e-07,-1.76087e-06
-2.95956e-06,-6.32761e-07,-1.7657e-06
-2.95956e-06,-6.32761e-07,-1.7657e-06
-2.95871e-06,-6.15303e-07,-1.75484e-06
-2.95871e-06,-6.15303e-07,-1.75484e-06
-2.9611e-06,-6.01402e-07,-1.75399e-06
-2.9611e-06,-6.01402e-07,-1.75399e-06
-2.966e-06,-5.98914e-07,-1.76368e-06
-2.966e-06,-5.98914e-07,-1.76368e-06
-2.96838e-06,-6.10485e-07,-1.77355e-06
-2.96838e-06,-6.10485e-07,-1.77355e-06
-2.96999e-06,-6.18604e-07,-1.78085e-06
-2.96999e-06,-6.18604e-07,-1.78085e-06
-2.96926e-06,-6.13425e-07,-1.77557e-06
-2.96926e-06,-6.13425e-07,-1.77557e-06
-2.97077e-06,-6.09937e-07,-1.77746e-06
-2.97077e-06,-6.09937e-07,-1.77746e-06
-2.97241e-06,-6.04288e-07,-1.77942e-06
-2.97241e-06,-6.04288e-07,-1.77942e-06
-2.97285e-06,-5.9569e-07,-1.77718e-06
-2.97285e-06,-5.9569e-07,-1.77718e-06
-2.97217e-06,-5.87007e-07,-1.77074e-06
-2.97217e-06,-5.87007e-07,-1.77074e-06
-2.97015e-06,-5.79889e-07,-1.7595e-06
-2.97015e-06,-5.79889e-07,-1.7595e-06
-2.96851e-06,-5.96035e-07,-1.76008e-06
-2.96851e-06,-5.96035e-07,-1.76008e-06
-2.9695e-06,-6.04953e-07,-1.76437e-06
-2.9695e-06,-6.04953e-07,-1.76437e-06
-2.97178e-06,-6.02118e-07,-1.76791e-06
-2.97178e-06,-6.02118e-07,-1.76791e-06
-2.97283e-06,-5.95095e-07,-1.76724e-06
-2.97283e-06,-5.95095e-07,-1.76724e-06
-2.97271e-06,-5.86593e-07,-1.7623e-06
-2.97271e-06,-5.86593e-07,-1.7623e-06
-2.97499e-06,-5.79247e-07,-1.76468e-06
-2.97499e-06,-5.79247e-07,-1.76468e-06
-2.97592e-06,-5.67197e-07,-1.76252e-06
-2.97592e-06,-5.67197e-07,-1.76252e-06
-2.97915e-06,-5.68941e-07,-1.77099e-06
-2.97915e-06,-5.68941e-07,-1.77099e-06
-2.98018e-06,-5.65136e-07,-1.772e-06
-2.98018e-06,-5.65136e-07,-1.772e-06
-2.98251e-06,-5.59497e-07,-1.77702e-06
-2.98251e-06,-5.59497e-07,-1.77702e-06
-2.98024e-06,-5.72643e-07,-1.77692e-06
-2.98024e-06,-5.72643e-07,-1.77692e-06
-2.97663e-06,-5.66147e-07,-1.76268e-06
-2.97663e-06,-5.66147e-07,-1.76268e-06
-2.976e-06,-5.66435e-07,-1.75851e-06
-2.976e-06,-5.66435e-07,-1.75851e-06
-2.97893e-06,-5.67977e-07,-1.76587e-06
-2.97893e-06,-5.67977e-07,-1.76587e-06
-2.97993e-06,-5.76234e-07,-1.77147e-06
-2.97993e-06,-5.76234e-07,-1.77147e-06
-2.98111e-06,-5.82391e-07,-1.7778e-06
-2.98111e-06,-5.82391e-07,-1.7778e-06
-2.98212e-06,-5.73996e-07,-1.77903e-06
-2.98212e-06,-5.73996e-07,-1.77903e-06
-2.98134e-06,-5.774e-07,-1.77852e-06
-2.98134e-06,-5.774e-07,-1.77852e-06
-2.98011e-06,-5.6906e-07,-1.77208e-06
-2.98011e-06,-5.6906e-07,-1.77208e-06
-2.98118e-06,-5.63583e-07,-1.77299e-06
-2.98118e-06,-5.63583e-07,-1.77299e-06
-2.97862e-06,-5.56061e-07,-1.76171e-06
-2.97862e-06,-5.56061e-07,-1.76171e-06
-2.98054e-06,-5.53935e-07,-1.76511e-06
-2.98054e-06,-5.53935e-07,-1.76511e-06
-2.98396e-06,-5.48591e-07,-1.77293e-06
-2.98396e-06,-5.48591e-07,-1.77293e-06
-2.982e-06,-5.50984e-07,-1.76714e-06
-2.982e-06,-5.50984e-07,-1.76714e-06
-2.98284e-06,-5.42744e-07,-1.76649e-06
-2.98284e-06,-5.42744e-07,-1.76649e-06
-2.98371e-06,-5.33231e-07,-1.7656e-06
-2.98371e-06,-5.33231e-07,-1.7656e-06
-2.98461e-06,-5.22267e-07,-1.76441e-06
-2.98461e-06,-5.22267e-07,-1.76441e-06
-2.98773e-06,-5.2549e-07,-1.77399e-06
-2.98773e-06,-5.2549e-07,-1.77399e-06
-2.98879e-06,-5.23405e-07,-1.77646e-06
-2.98879e-06,-5.23405e-07,-1.77646e-06
-2.98995e-06,-5.19317e-07,-1.77915e-06
-2.98995e-06,-5.19317e-07,-1.77915e-06
-2.99125e-06,-5.12848e-07,-1.78214e-06
-2.99125e-06,-5.12848e-07,-1.78214e-06
-2.99012e-06,-5.28099e-07,-1.78793e-06
-2.99012e-06,-5.28099e-07,-1.78793e-06
-2.98921e-06,-5.20626e-07,-1.78432e-06
-2.98921e-06,-5.20626e-07,-1.78432e-06
-2.98824e-06,-5.15403e-07,-1.7804e-06
-2.98824e-06,-5.15403e-07,-1.7804e-06
-2.98326e-06,-5.24088e-07,-1.76871e-06
-2.98326e-06,-5.24088e-07,-1.76871e-06
-2.98209e-06,-5.14357e-07,-1.76075e-06
-2.98209e-06,-5.14357e-07,-1.76075e-06
-2.98492e-06,-5.21363e-07,-1.77009e-06
-2.98492e-06,-5.21363e-07,-1.77009e-06
-2.98088e-06,-5.42273e-07,-1.7687e-06
-2.98088e-06,-5.42273e-07,-1.7687e-06
-2.97141e-06,-5.95651e-07,-1.78942e-06
-2.97141e-06,-5.95651e-07,-1.78942e-06
-2.97142e-06,-5.88833e-07,-1.78633e-06
-2.97142e-06,-5.88833e-07,-1.78633e-06
-2.96883e-06,-6.0287e-07,-1.78488e-06
-2.96883e-06,-6.0287e-07,-1.78488e-06
-2.96744e-06,-6.00011e-07,-1.77759e-06
-2.96744e-06,-6.00011e-07,-1.77759e-06
-2.96927e-06,-5.9955e-07,-1.78096e-06
-2.96927e-06,-5.9955e-07,-1.78096e-06
-2.96892e-06,-5.96538e-07,-1.77669e-06
-2.96892e-06,-5.96538e-07,-1.77669e-06
-2.96597e-06,-6.04198e-07,-1.76871e-06
-2.96597e-06,-6.04198e-07,-1.76871e-06
-2.96723e-06,-6.05845e-07,-1.77028e-06
-2.96723e-06,-6.05845e-07,-1.77028e-06
-2.96737e-06,-6.05684e-07,-1.76788e-06
-2.96737e-06,-6.05684e-07,-1.76788e-06
-2.96741e-06,-6.05458e-07,-1.76491e-06
-2.96741e-06,-6.05458e-07,-1.76491e-06
-2.96726e-06,-6.05136e-07,-1.76118e-06
-2.96726e-06,-6.05136e-07,-1.76118e-06
-2.96937e-06,-6.05585e-07,-1.76468e-06
-2.96937e-06,-6.05585e-07,-1.76468e-06
-2.97165e-06,-6.02846e-07,-1.76829e-06
-2.97165e-06,-6.02846e-07,-1.76829e-06
-2.97406e-06,-5.96409e-07,-1.77195e-06
-2.97406e-06,-5.96409e-07,-1.77195e-06
-2.96994e-06,-6.28959e-07,-1.78303e-06
-2.96994e-06,-6.28959e-07,-1.78303e-06
-2.96802e-06,-6.23245e-07,-1.77404e-06
-2.96802e-06,-6.23245e-07,-1.77404e-06
-2.96933e-06,-6.21207e-07,-1.77569e-06
-2.96933e-06,-6.21207e-07,-1.77569e-06
-2.9707e-06,-6.17216e-07,-1.77728e-06
-2.9707e-06,-6.17216e-07,-1.77728e-06
-2.97e-06,-6.22145e-07,-1.7765e-06
-2.97e-06,-6.22145e-07,-1.7765e-06
-2.97262e-06,-6.17122e-07,-1.78204e-06
-2.97262e-06,-6.17122e-07,-1.78204e-06
-2.96991e-06,-6.19544e-07,-1.77406e-06
-2.96991e-06,-6.19544e-07,-1.77406e-06
-2.97001e-06,-6.14831e-07,-1.77118e-06
-2.97001e-06,-6.14831e-07,-1.77118e-06
-2.97243e-06,-6.10258e-07,-1.77567e-06
-2.97243e-06,-6.10258e-07,-1.77567e-06
-2.97367e-06,-6.0129e-07,-1.77614e-06
-2.97367e-06,-6.0129e-07,-1.77614e-06
-2.97384e-06,-5.90593e-07,-1.77263e-06
-2.97384e-06,-5.90593e-07,-1.77263e-06
-2.97522e-06,-5.80309e-07,-1.77263e-06
-2.97522e-06,-5.80309e-07,-1.77263e-06
-2.97307e-06,-5.6726e-07,-1.76054e-06
-2.97307e-06,-5.6726e-07,-1.76054e-06
-2.97422e-06,-5.59959e-07,-1.7589e-06
-2.97422e-06,-5.59959e-07,-1.7589e-06
-2.97286e-06,-6.0053e-07,-1.78467e-06
-2.97286e-06,-6.0053e-07,-1.78467e-06
-2.97242e-06,-5.911e-07,-1.77968e-06
-2.97242e-06,-5.911e-07,-1.77968e-06
-2.97203e-06,-5.83499e-07,-1.77427e-06
-2.97203e-06,-5.83499e-07,-1.77427e-06
-2.97388e-06,-5.77209e-07,-1.77594e-06
-2.97388e-06,-5.77209e-07,-1.77594e-06
-2.97335e-06,-5.67488e-07,-1.76942e-06
-2.97335e-06,-5.67488e-07,-1.76942e-06
-2.97147e-06,-5.59145e-07,-1.75802e-06
-2.97147e-06,-5.59145e-07,-1.75802e-06
-2.97155e-06,-5.55122e-07,-1.7528e-06
-2.97155e-06,-5.55122e-07,-1.7528e-06
-2.97512e-06,-5.51641e-07,-1.75857e-06
-2.97512e-06,-5.51641e-07,-1.75857e-06
-2.97739e-06,-5.40693e-07,-1.75987e-06
-2.97739e-06,-5.40693e-07,-1.75987e-06
-2.97759e-06,-5.74382e-07,-1.78232e-06
-2.97759e-06,-5.74382e-07,-1.78232e-06
-2.97676e-06,-5.83134e-07,-1.78358e-06
-2.97676e-06,-5.83134e-07,-1.78358e-06
-2.97852e-06,-5.92486e-07,-1.79375e-06
-2.97852e-06,-5.92486e-07,-1.79375e-06
-2.97558e-06,-5.87546e-07,-1.78341e-06
-2.97558e-06,-5.87546e-07,-1.78341e-06
-2.97192e-06,-6.12756e-07,-1.78918e-06
-2.97192e-06,-6.12756e-07,-1.78918e-06
-2.96808e-06,-6.24842e-07,-1.78368e-06
-2.96808e-06,-6.24842e-07,-1.78368e-06
-2.96731e-06,-6.05826e-07,-1.77587e-06
-2.96731e-06,-6.05826e-07,-1.77587e-06
-2.96659e-06,-6.0534e-07,-1.77083e-06
-2.96659e-06,-6.0534e-07,-1.77083e-06
-2.9667e-06,-6.15401e-07,-1.77372e-06
-2.9667e-06,-6.15401e-07,-1.77372e-06
-2.9644e-06,-6.24526e-07,-1.7689e-06
-2.9644e-06,-6.24526e-07,-1.7689e-06
-2.96398e-06,-6.35755e-07,-1.77109e-06
-2.96398e-06,-6.35755e-07,-1.77109e-06
-2.96206e-06,-6.26112e-07,-1.75904e-06
-2.96206e-06,-6.26112e-07,-1.75904e-06
-2.96205e-06,-6.20649e-07,-1.75301e-06
-2.96205e-06,-6.20649e-07,-1.75301e-06
-2.9666e-06,-6.16083e-07,-1.76152e-06
-2.9666e-06,-6.16083e-07,-1.76152e-06
-2.96641e-06,-6.02708e-07,-1.75423e-06
-2.96641e-06,-6.02708e-07,-1.75423e-06
-2.97073e-06,-6.13849e-07,-1.76977e-06
-2.97073e-06,-6.13849e-07,-1.76977e-06
-2.97064e-06,-6.08178e-07,-1.76574e-06
-2.97064e-06,-6.08178e-07,-1.76574e-06
-2.96925e-06,-6.0284e-07,-1.75708e-06
-2.96925e-06,-6.0284e-07,-1.75708e-06
-2.97355e-06,-6.00431e-07,-1.76699e-06
-2.97355e-06,-6.00431e-07,-1.76699e-06
-2.9756e-06,-5.90367e-07,-1.76926e-06
-2.9756e-06,-5.90367e-07,-1.76926e-06
-2.9741e-06,-5.75801e-07,-1.75949e-06
-2.9741e-06,-5.75801e-07,-1.75949e-06
-2.97378e-06,-5.66035e-07,-1.75289e-06
-2.97378e-06,-5.66035e-07,-1.75289e-06
-2.97687e-06,-5.57543e-07,-1.75706e-06
-2.97687e-06,-5.57543e-07,-1.75706e-06
-2.98111e-06,-5.5811e-07,-1.7682e-06
-2.98111e-06,-5.5811e-07,-1.7682e-06
-2.98327e-06,-5.51378e-07,-1.77213e-06
-2.98327e-06,-5.51378e-07,-1.77213e-06
-2.98419e-06,-5.39811e-07,-1.77188e-06
-2.98419e-06,-5.39811e-07,-1.77188e-06
-2.98755e-06,-5.42509e-07,-1.78301e-06
-2.98755e-06,-5.42509e-07,-1.78301e-06
-2.98402e-06,-5.74757e-07,-1.79721e-06
-2.98402e-06,-5.74757e-07,-1.79721e-06
-2.98303e-06,-5.74736e-07,-1.79642e-06
-2.98303e-06,-5.74736e-07,-1.79642e-06
-2.98207e-06,-5.76455e-07,-1.7959e-06
-2.98207e-06,-5.76455e-07,-1.7959e-06
-2.97928e-06,-5.65705e-07,-1.78515e-06
-2.97928e-06,-5.65705e-07,-1.78515e-06
-2.97992e-06,-5.61228e-07,-1.78555e-06
-2.97992e-06,-5.61228e-07,-1.78555e-06
-2.98071e-06,-5.56067e-07,-1.78609e-06
-2.98071e-06,-5.56067e-07,-1.78609e-06
-2.9803e-06,-5.49742e-07,-1.78251e-06
-2.9803e-06,-5.49742e-07,-1.78251e-06
-2.98103e-06,-5.44522e-07,-1.78247e-06
-2.98103e-06,-5.44522e-07,-1.78247e-06
-2.98052e-06,-5.38073e-07,-1.77817e-06
-2.98052e-06,-5.38073e-07,-1.77817e-06
-2.98244e-06,-5.33036e-07,-1.78151e-06
-2.98244e-06,-5.33036e-07,-1.78151e-06
-2.98078e-06,-5.24492e-07,-1.77282e-06
-2.98078e-06,-5.24492e-07,-1.77282e-06
-2.98007e-06,-5.19952e-07,-1.76703e-06
-2.98007e-06,-5.19952e-07,-1.76703e-06
-2.9816e-06,-5.17057e-07,-1.76835e-06
-2.9816e-06,-5.17057e-07,-1.76835e-06
-2.98067e-06,-5.11346e-07,-1.76138e-06
-2.98067e-06,-5.11346e-07,-1.76138e-06
-2.98456e-06,-5.07817e-07,-1.76971e-06
-2.98456e-06,-5.07817e-07,-1.76971e-06
-2.98548e-06,-5.11477e-07,-1.7724e-06
-2.98548e-06,-5.11477e-07,-1.7724e-06
-2.98511e-06,-5.24362e-07,-1.77632e-06
-2.98511e-06,-5.24362e-07,-1.77632e-06
-2.98242e-06,-5.26146e-07,-1.76758e-06
-2.98242e-06,-5.26146e-07,-1.76758e-06
-2.98263e-06,-5.41552e-07,-1.77456e-06
-2.98263e-06,-5.41552e-07,-1.77456e-06
-2.98397e-06,-5.32012e-07,-1.77569e-06
-2.98397e-06,-5.32012e-07,-1.77569e-06
-2.98111e-06,-5.34933e-07,-1.7669e-06
-2.98111e-06,-5.34933e-07,-1.7669e-06
-2.97894e-06,-5.58717e-07,-1.77337e-06
-2.97894e-06,-5.58717e-07,-1.77337e-06
-2.98155e-06,-5.55506e-07,-1.77953e-06
-2.98155e-06,-5.55506e-07,-1.77953e-06
-2.98191e-06,-5.47643e-07,-1.77798e-06
-2.98191e-06,-5.47643e-07,-1.77798e-06
-2.97986e-06,-5.39504e-07,-1.76816e-06
-2.97986e-06,-5.39504e-07,-1.76816e-06
-2.98123e-06,-5.36252e-07,-1.76932e-06
-2.98123e-06,-5.36252e-07,-1.76932e-06
-2.98135e-06,-5.3042e-07,-1.76615e-06
-2.98135e-06,-5.3042e-07,-1.76615e-06
-2.9838e-06,-5.24464e-07,-1.77041e-06
-2.9838e-06,-5.24464e-07,-1.77041e-06
-2.98389e-06,-5.13418e-07,-1.76657e-06
-2.98389e-06,-5.13418e-07,-1.76657e-06
-2.98454e-06,-5.17927e-07,-1.76851e-06
-2.98454e-06,-5.17927e-07,-1.76851e-06
-2.98393e-06,-5.21042e-07,-1.76637e-06
-2.98393e-06,-5.21042e-07,-1.76637e-06
-2.98515e-06,-5.43666e-07,-1.78208e-06
-2.98515e-06,-5.43666e-07,-1.78208e-06
-2.985e-06,-5.44138e-07,-1.78238e-06
-2.985e-06,-5.44138e-07,-1.78238e-06
-2.9863e-06,-5.45136e-07,-1.78725e-06
-2.9863e-06,-5.45136e-07,-1.78725e-06
-2.98524e-06,-5.43799e-07,-1.78438e-06
-2.98524e-06,-5.43799e-07,-1.78438e-06
-2.98533e-06,-5.44351e-07,-1.7854e-06
-2.98533e-06,-5.44351e-07,-1.7854e-06
-2.98192e-06,-5.26886e-07,-1.77124e-06
-2.98192e-06,-5.26886e-07,-1.77124e-06
-2.98352e-06,-5.20036e-07,-1.77264e-06
-2.98352e-06,-5.20036e-07,-1.77264e-06
-2.98259e-06,-5.09755e-07,-1.76561e-06
-2.98259e-06,-5.09755e-07,-1.76561e-06
-2.98526e-06,-5.02344e-07,-1.76992e-06
-2.98526e-06,-5.02344e-07,-1.76992e-06
-2.98626e-06,-5.05163e-07,-1.7726e-06
-2.98626e-06,-5.05163e-07,-1.7726e-06
-2.98615e-06,-5.06379e-07,-1.77148e-06
-2.98615e-06,-5.06379e-07,-1.77148e-06
-2.98596e-06,-5.07768e-07,-1.77007e-06
-2.98596e-06,-5.07768e-07,-1.77007e-06
-2.98564e-06,-5.09345e-07,-1.76829e-06
-2.98564e-06,-5.09345e-07,-1.76829e-06
-2.98653e-06,-5.1153e-07,-1.77038e-06
-2.98653e-06,-5.1153e-07,-1.77038e-06
-2.98617e-06,-5.11972e-07,-1.76837e-06
-2.98617e-06,-5.11972e-07,-1.76837e-06
-2.98838e-06,-5.13253e-07,-1.77457e-06
-2.98838e-06,-5.13253e-07,-1.77457e-06
-2.98831e-06,-5.10599e-07,-1.77309e-06
-2.98831e-06,-5.10599e-07,-1.77309e-06
-2.98941e-06,-5.07871e-07,-1.77541e-06
-2.98941e-06,-5.07871e-07,-1.77541e-06
-2.99062e-06,-5.03066e-07,-1.77793e-06
-2.99062e-06,-5.03066e-07,-1.77793e-06
-2.98701e-06,-4.96024e-07,-1.76427e-06
-2.98701e-06,-4.96024e-07,-1.76427e-06
-2.98638e-06,-5.08152e-07,-1.76616e-06
-2.98638e-06,-5.08152e-07,-1.76616e-06
-2.98985e-06,-5.09197e-07,-1.77616e-06
-2.98985e-06,-5.09197e-07,-1.77616e-06
-2.9886e-06,-5.03876e-07,-1.77051e-06
-2.9886e-06,-5.03876e-07,-1.77051e-06
-2.98843e-06,-5.01427e-07,-1.76823e-06
-2.98843e-06,-5.01427e-07,-1.76823e-06
-2.98943e-06,-5.11344e-07,-1.7751e-06
-2.98943e-06,-5.11344e-07,-1.7751e-06
-2.98936e-06,-5.06675e-07,-1.77337e-06
-2.98936e-06,-5.06675e-07,-1.77337e-06
-2.98672e-06,-5.02239e-07,-1.7631e-06
-2.98672e-06,-5.02239e-07,-1.7631e-06
-2.98738e-06,-5.03224e-07,-1.76376e-06
-2.98738e-06,-5.03224e-07,-1.76376e-06
-2.98194e-06,-5.22806e-07,-1.75638e-06
-2.98194e-06,-5.22806e-07,-1.75638e-06
-2.98143e-06,-5.16435e-07,-1.75017e-06
-2.98143e-06,-5.16435e-07,-1.75017e-06
-2.98619e-06,-5.24313e-07,-1.76534e-06
-2.98619e-06,-5.24313e-07,-1.76534e-06
-2.98539e-06,-5.24948e-07,-1.76186e-06
-2.98539e-06,-5.24948e-07,-1.76186e-06
-2.98825e-06,-5.26809e-07,-1.77033e-06
-2.98825e-06,-5.26809e-07,-1.77033e-06
-2.99027e-06,-5.23535e-07,-1.77571e-06
-2.99027e-06,-5.23535e-07,-1.77571e-06
-2.99025e-06,-5.29708e-07,-1.7792e-06
-2.99025e-06,-5.29708e-07,-1.7792e-06
-2.98882e-06,-5.22346e-07,-1.77337e-06
-2.98882e-06,-5.22346e-07,-1.77337e-06
-2.98971e-06,-5.18015e-07,-1.77512e-06
-2.98971e-06,-5.18015e-07,-1.77512e-06
-2.98821e-06,-5.12286e-07,-1.76885e-06
-2.98821e-06,-5.12286e-07,-1.76885e-06
-2.98899e-06,-5.09747e-07,-1.77003e-06
-2.98899e-06,-5.09747e-07,-1.77003e-06
-2.98738e-06,-5.06086e-07,-1.76308e-06
-2.98738e-06,-5.06086e-07,-1.76308e-06
-2.99084e-06,-5.17523e-07,-1.77778e-06
-2.99084e-06,-5.17523e-07,-1.77778e-06
-2.98699e-06,-5.09255e-07,-1.76355e-06
-2.98699e-06,-5.09255e-07,-1.76355e-06
-2.98626e-06,-5.09227e-07,-1.75977e-06
-2.98626e-06,-5.09227e-07,-1.75977e-06
-2.99074e-06,-5.10754e-07,-1.77261e-06
-2.99074e-06,-5.10754e-07,-1.77261e-06
-2.99205e-06,-5.17001e-07,-1.77988e-06
-2.99205e-06,-5.17001e-07,-1.77988e-06
-2.99064e-06,-5.05933e-07,-1.77367e-06
-2.99064e-06,-5.05933e-07,-1.77367e-06
-2.99038e-06,-4.98675e-07,-1.77103e-06
-2.99038e-06,-4.98675e-07,-1.77103e-06
-2.99187e-06,-5.06556e-07,-1.77862e-06
-2.99187e-06,-5.06556e-07,-1.77862e-06
-2.99173e-06,-4.96031e-07,-1.77651e-06
-2.99173e-06,-4.96031e-07,-1.77651e-06
-2.99048e-06,-4.86905e-07,-1.77034e-06
-2.99048e-06,-4.86905e-07,-1.77034e-06
-2.98915e-06,-4.81433e-07,-1.76358e-06
-2.98915e-06,-4.81433e-07,-1.76358e-06
-2.99012e-06,-4.7918e-07,-1.76419e-06
-2.99012e-06,-4.7918e-07,-1.76419e-06
-2.99105e-06,-4.74838e-07,-1.76454e-06
-2.99105e-06,-4.74838e-07,-1.76454e-06
-2.9933e-06,-4.68527e-07,-1.7689e-06
-2.9933e-06,-4.68527e-07,-1.7689e-06
-2.99655e-06,-4.73652e-07,-1.78047e-06
-2.99655e-06,-4.73652e-07,-1.78047e-06
-2.99512e-06,-4.73051e-07,-1.77658e-06
-2.99512e-06,-4.73051e-07,-1.77658e-06
-2.99606e-06,-4.74788e-07,-1.7807e-06
-2.99606e-06,-4.74788e-07,-1.7807e-06
-2.9959e-06,-4.74732e-07,-1.78119e-06
-2.9959e-06,-4.74732e-07,-1.78119e-06
-2.99719e-06,-4.75061e-07,-1.78634e-06
-2.99719e-06,-4.75061e-07,-1.78634e-06
-2.99612e-06,-4.73025e-07,-1.78375e-06
-2.99612e-06,-4.73025e-07,-1.78375e-06
-2.99616e-06,-4.72734e-07,-1.78503e-06
-2.99616e-06,-4.72734e-07,-1.78503e-06
-2.9963e-06,-4.72422e-07,-1.78669e-06
-2.9963e-06,-4.72422e-07,-1.78669e-06
-2.99517e-06,-4.71702e-07,-1.78431e-06
-2.99517e-06,-4.71702e-07,-1.78431e-06
-2.99519e-06,-4.72964e-07,-1.78598e-06
-2.99519e-06,-4.72964e-07,-1.78598e-06
-2.99544e-06,-4.74477e-07,-1.78826e-06
-2.99544e-06,-4.74477e-07,-1.78826e-06
-2.99316e-06,-4.75541e-07,-1.78239e-06
-2.99316e-06,-4.75541e-07,-1.78239e-06
-2.99037e-06,-4.80195e-07,-1.77547e-06
-2.99037e-06,-4.80195e-07,-1.77547e-06
-2.98819e-06,-4.75144e-07,-1.76612e-06
-2.98819e-06,-4.75144e-07,-1.76612e-06
-2.98678e-06,-4.74673e-07,-1.75941e-06
-2.98678e-06,-4.74673e-07,-1.75941e-06
-2.98886e-06,-4.76829e-07,-1.76409e-06
-2.98886e-06,-4.76829e-07,-1.76409e-06
-2.98859e-06,-4.75225e-07,-1.7608e-06
-2.98859e-06,-4.75225e-07,-1.7608e-06
-2.99219e-06,-4.74441e-07,-1.76971e-06
-2.99219e-06,-4.74441e-07,-1.76971e-06
-2.99078e-06,-4.65266e-07,-1.76223e-06
-2.99078e-06,-4.65266e-07,-1.76223e-06
-2.9918e-06,-4.6048e-07,-1.76232e-06
-2.9918e-06,-4.6048e-07,-1.76232e-06
-2.99274e-06,-4.53255e-07,-1.76198e-06
-2.99274e-06,-4.53255e-07,-1.76198e-06
-2.99288e-06,-4.60248e-07,-1.76335e-06
-2.99288e-06,-4.60248e-07,-1.76335e-06
-2.99305e-06,-4.66691e-07,-1.76488e-06
-2.99305e-06,-4.66691e-07,-1.76488e-06
-2.99322e-06,-4.72423e-07,-1.76658e-06
-2.99322e-06,-4.72423e-07,-1.76658e-06
-2.99487e-06,-4.7772e-07,-1.773e-06
-2.99487e-06,-4.7772e-07,-1.773e-06
-2.99414e-06,-4.79753e-07,-1.77171e-06
-2.99414e-06,-4.79753e-07,-1.77171e-06
-2.99599e-06,-4.82814e-07,-1.77891e-06
-2.99599e-06,-4.82814e-07,-1.77891e-06
-2.997e-06,-4.8264e-07,-1.78316e-06
-2.997e-06,-4.8264e-07,-1.78316e-06
-2.99689e-06,-4.80357e-07,-1.78376e-06
-2.99689e-06,-4.80357e-07,-1.78376e-06
-2.99294e-06,-4.7839e-07,-1.77184e-06
-2.99294e-06,-4.7839e-07,-1.77184e-06
-2.99623e-06,-4.83382e-07,-1.78395e-06
-2.99623e-06,-4.83382e-07,-1.78395e-06
-2.99485e-06,-4.82615e-07,-1.78071e-06
-2.99485e-06,-4.82615e-07,-1.78071e-06
-2.99594e-06,-4.84194e-07,-1.78575e-06
-2.99594e-06,-4.84194e-07,-1.78575e-06
-2.9946e-06,-4.83577e-07,-1.78292e-06
-2.9946e-06,-4.83577e-07,-1.78292e-06
-2.9958e-06,-4.85351e-07,-1.78857e-06
-2.9958e-06,-4.85351e-07,-1.78857e-06
-2.99466e-06,-4.84971e-07,-1.78656e-06
-2.99466e-06,-4.84971e-07,-1.78656e-06
-2.99475e-06,-4.86644e-07,-1.78875e-06
-2.99475e-06,-4.86644e-07,-1.78875e-06
-2.99368e-06,-4.88243e-07,-1.78721e-06
-2.99368e-06,-4.88243e-07,-1.78721e-06
-2.99115e-06,-4.91439e-07,-1.78123e-06
-2.99115e-06,-4.91439e-07,-1.78123e-06
-2.99162e-06,-4.83785e-07,-1.7809e-06
-2.99162e-06,-4.83785e-07,-1.7809e-06
-2.98715e-06,-4.75234e-07,-1.76408e-06
-2.98715e-06,-4.75234e-07,-1.76408e-06
-2.98694e-06,-4.7682e-07,-1.76142e-06
-2.98694e-06,-4.7682e-07,-1.76142e-06
-2.98651e-06,-4.78605e-07,-1.75804e-06
-2.98651e-06,-4.78605e-07,-1.75804e-06
-2.9898e-06,-4.92447e-07,-1.77209e-06
-2.9898e-06,-4.92447e-07,-1.77209e-06
-2.98984e-06,-4.88252e-07,-1.77012e-06
-2.98984e-06,-4.88252e-07,-1.77012e-06
-2.98857e-06,-4.97167e-07,-1.76894e-06
-2.98857e-06,-4.97167e-07,-1.76894e-06
-2.98708e-06,-4.9498e-07,-1.76223e-06
-2.98708e-06,-4.9498e-07,-1.76223e-06
-2.99047e-06,-4.95596e-07,-1.77142e-06
-2.99047e-06,-4.95596e-07,-1.77142e-06
-2.9891e-06,-4.89768e-07,-1.76471e-06
-2.9891e-06,-4.89768e-07,-1.76471e-06
-2.99e-06,-4.87121e-07,-1.76534e-06
-2.99e-06,-4.87121e-07,-1.76534e-06
-2.99228e-06,-4.82707e-07,-1.77014e-06
-2.99228e-06,-4.82707e-07,-1.77014e-06
-2.9908e-06,-4.73083e-07,-1.76253e-06
-2.9908e-06,-4.73083e-07,-1.76253e-06
-2.99172e-06,-4.67769e-07,-1.76241e-06
-2.99172e-06,-4.67769e-07,-1.76241e-06
-2.99163e-06,-4.75358e-07,-1.76369e-06
-2.99163e-06,-4.75358e-07,-1.76369e-06
-2.9887e-06,-4.67656e-07,-1.75094e-06
-2.9887e-06,-4.67656e-07,-1.75094e-06
-2.99168e-06,-4.67222e-07,-1.75734e-06
-2.99168e-06,-4.67222e-07,-1.75734e-06
-2.96428e-06,-5.38361e-07,-1.74879e-06
-2.96428e-06,-5.38361e-07,-1.74879e-06
-2.96867e-06,-5.34174e-07,-1.75449e-06
-2.96867e-06,-5.34174e-07,-1.75449e-06
-2.97406e-06,-5.36259e-07,-1.76657e-06
-2.97406e-06,-5.36259e-07,-1.76657e-06
-2.97724e-06,-5.28108e-07,-1.77101e-06
-2.97724e-06,-5.28108e-07,-1.77101e-06
-2.97772e-06,-5.29517e-07,-1.77e-06
-2.97772e-06,-5.29517e-07,-1.77e-06
-2.98072e-06,-5.30261e-07,-1.77692e-06
-2.98072e-06,-5.30261e-07,-1.77692e-06
-2.98138e-06,-5.25327e-07,-1.77596e-06
-2.98138e-06,-5.25327e-07,-1.77596e-06
-2.98208e-06,-5.19682e-07,-1.77477e-06
-2.98208e-06,-5.19682e-07,-1.77477e-06
-2.98147e-06,-5.12748e-07,-1.76905e-06
-2.98147e-06,-5.12748e-07,-1.76905e-06
-2.98448e-06,-5.07467e-07,-1.77479e-06
-2.98448e-06,-5.07467e-07,-1.77479e-06
-2.98576e-06,-5.11208e-07,-1.7789e-06
-2.98576e-06,-5.11208e-07,-1.7789e-06
-2.98345e-06,-5.12719e-07,-1.77108e-06
-2.98345e-06,-5.12719e-07,-1.77108e-06
-2.9827e-06,-5.27397e-07,-1.77469e-06
-2.9827e-06,-5.27397e-07,-1.77469e-06
-2.9831e-06,-5.18604e-07,-1.77237e-06
-2.9831e-06,-5.18604e-07,-1.77237e-06
-2.98106e-06,-5.09393e-07,-1.76157e-06
-2.98106e-06,-5.09393e-07,-1.76157e-06
-2.97944e-06,-5.26939e-07,-1.76304e-06
-2.97944e-06,-5.26939e-07,-1.76304e-06
-2.98067e-06,-5.25054e-07,-1.76344e-06
-2.98067e-06,-5.25054e-07,-1.76344e-06
-2.98194e-06,-5.21222e-07,-1.7636e-06
-2.98194e-06,-5.21222e-07,-1.7636e-06
-2.98186e-06,-5.14691e-07,-1.75914e-06
-2.98186e-06,-5.14691e-07,-1.75914e-06
-2.98164e-06,-5.08839e-07,-1.7539e-06
-2.98164e-06,-5.08839e-07,-1.7539e-06
-2.98249e-06,-5.04056e-07,-1.75178e-06
-2.98249e-06,-5.04056e-07,-1.75178e-06
-2.98631e-06,-5.11449e-07,-1.76344e-06
-2.98631e-06,-5.11449e-07,-1.76344e-06
-2.98816e-06,-5.12546e-07,-1.76824e-06
-2.98816e-06,-5.12546e-07,-1.76824e-06
-2.98912e-06,-5.22493e-07,-1.77502e-06
-2.98912e-06,-5.22493e-07,-1.77502e-06
-2.98887e-06,-5.17815e-07,-1.77299e-06
-2.98887e-06,-5.17815e-07,-1.77299e-06
-2.98864e-06,-5.14132e-07,-1.77082e-06
-2.98864e-06,-5.14132e-07,-1.77082e-06
-2.9911e-06,-5.23088e-07,-1.78249e-06
-2.9911e-06,-5.23088e-07,-1.78249e-06
-2.98622e-06,-5.13676e-07,-1.76512e-06
-2.98622e-06,-5.13676e-07,-1.76512e-06
-2.98682e-06,-5.14754e-07,-1.76606e-06
-2.98682e-06,-5.14754e-07,-1.76606e-06
-2.98879e-06,-5.14693e-07,-1.77128e-06
-2.98879e-06,-5.14693e-07,-1.77128e-06
-2.98966e-06,-5.10834e-07,-1.77277e-06
-2.98966e-06,-5.10834e-07,-1.77277e-06
-2.98813e-06,-5.05659e-07,-1.76616e-06
-2.98813e-06,-5.05659e-07,-1.76616e-06
-2.98887e-06,-5.03782e-07,-1.76692e-06
-2.98887e-06,-5.03782e-07,-1.76692e-06
-2.98451e-06,-5.12497e-07,-1.75619e-06
-2.98451e-06,-5.12497e-07,-1.75619e-06
-2.99002e-06,-5.16574e-07,-1.7727e-06
-2.99002e-06,-5.16574e-07,-1.7727e-06
-2.98844e-06,-5.10595e-07,-1.76586e-06
-2.98844e-06,-5.10595e-07,-1.76586e-06
-2.99047e-06,-5.08161e-07,-1.77068e-06
-2.99047e-06,-5.08161e-07,-1.77068e-06
-2.99138e-06,-5.01592e-07,-1.77165e-06
-2.99138e-06,-5.01592e-07,-1.77165e-06
-2.98981e-06,-4.9324e-07,-1.76431e-06
-2.98981e-06,-4.9324e-07,-1.76431e-06
-2.98932e-06,-4.89061e-07,-1.7603e-06
-2.98932e-06,-4.89061e-07,-1.7603e-06
-2.98997e-06,-4.8623e-07,-1.75978e-06
-2.98997e-06,-4.8623e-07,-1.75978e-06
-2.9932e-06,-4.81994e-07,-1.76741e-06
-2.9932e-06,-4.81994e-07,-1.76741e-06
-2.99339e-06,-4.86741e-07,-1.76938e-06
-2.99339e-06,-4.86741e-07,-1.76938e-06
-2.99503e-06,-4.9089e-07,-1.77607e-06
-2.99503e-06,-4.9089e-07,-1.77607e-06
-2.99571e-06,-4.91962e-07,-1.7796e-06
-2.99571e-06,-4.91962e-07,-1.7796e-06
-2.99656e-06,-4.91481e-07,-1.7837e-06
-2.99656e-06,-4.91481e-07,-1.7837e-06
-2.99244e-06,-4.89493e-07,-1.77151e-06
-2.99244e-06,-4.89493e-07,-1.77151e-06
-2.98878e-06,-4.94342e-07,-1.76164e-06
-2.98878e-06,-4.94342e-07,-1.76164e-06
-2.9881e-06,-4.91955e-07,-1.75719e-06
-2.9881e-06,-4.91955e-07,-1.75719e-06
-2.98853e-06,-4.91241e-07,-1.7562e-06
-2.98853e-06,-4.91241e-07,-1.7562e-06
-2.99294e-06,-4.8985e-07,-1.76773e-06
-2.99294e-06,-4.8985e-07,-1.76773e-06
-2.99438e-06,-4.94482e-07,-1.77397e-06
-2.99438e-06,-4.94482e-07,-1.77397e-06
-2.99625e-06,-4.96481e-07,-1.78145e-06
-2.99625e-06,-4.96481e-07,-1.78145e-06
-2.99723e-06,-4.95003e-07,-1.78588e-06
-2.99723e-06,-4.95003e-07,-1.78588e-06
-2.99702e-06,-4.91159e-07,-1.78657e-06
-2.99702e-06,-4.91159e-07,-1.78657e-06
-2.99561e-06,-4.8813e-07,-1.78338e-06
-2.99561e-06,-4.8813e-07,-1.78338e-06
-2.99411e-06,-4.88106e-07,-1.78001e-06
-2.99411e-06,-4.88106e-07,-1.78001e-06
-2.99479e-06,-5.01366e-07,-1.78985e-06
-2.99479e-06,-5.01366e-07,-1.78985e-06
-2.99349e-06,-5.01795e-07,-1.78798e-06
-2.99349e-06,-5.01795e-07,-1.78798e-06
-2.99342e-06,-5.04417e-07,-1.79038e-06
-2.99342e-06,-5.04417e-07,-1.79038e-06
-2.99217e-06,-5.07105e-07,-1.7891e-06
-2.99217e-06,-5.07105e-07,-1.7891e-06
-2.98892e-06,-4.95639e-07,-1.77714e-06
-2.98892e-06,-4.95639e-07,-1.77714e-06
-2.9905e-06,-4.92355e-07,-1.78079e-06
-2.9905e-06,-4.92355e-07,-1.78079e-06
-2.98968e-06,-4.86162e-07,-1.77641e-06
-2.98968e-06,-4.86162e-07,-1.77641e-06
-2.99018e-06,-4.95184e-07,-1.78132e-06
-2.99018e-06,-4.95184e-07,-1.78132e-06
-2.98936e-06,-4.89406e-07,-1.77708e-06
-2.98936e-06,-4.89406e-07,-1.77708e-06
-2.98716e-06,-4.85788e-07,-1.76817e-06
-2.98716e-06,-4.85788e-07,-1.76817e-06
-2.98687e-06,-4.9812e-07,-1.77127e-06
-2.98687e-06,-4.9812e-07,-1.77127e-06
-2.98805e-06,-4.98596e-07,-1.77399e-06
-2.98805e-06,-4.98596e-07,-1.77399e-06
-2.98811e-06,-4.9709e-07,-1.77284e-06
-2.98811e-06,-4.9709e-07,-1.77284e-06
-2.98949e-06,-4.95714e-07,-1.77577e-06
-2.98949e-06,-4.95714e-07,-1.77577e-06
-2.98841e-06,-4.91692e-07,-1.77049e-06
-2.98841e-06,-4.91692e-07,-1.77049e-06
-2.99097e-06,-4.89814e-07,-1.77703e-06
-2.99097e-06,-4.89814e-07,-1.77703e-06
-2.9887e-06,-4.82862e-07,-1.76754e-06
-2.9887e-06,-4.82862e-07,-1.76754e-06
-2.99097e-06,-5.02896e-07,-1.78403e-06
-2.99097e-06,-5.02896e-07,-1.78403e-06
-2.99014e-06,-4.94899e-07,-1.77987e-06
-2.99014e-06,-4.94899e-07,-1.77987e-06
